option_cat_id,option_big_name,option_small_name
1,"('attribute_11', '소매기장')","('11%5E225', '민소매')"
2,"('attribute_11', '소매기장')","('11%5E225', '반소매')"
3,"('attribute_11', '소매기장')","('11%5E225', '3/4길이')"
4,"('attribute_11', '소매기장')","('11%5E225', '긴소매')"
5,"('attribute_2', '핏')","('2%5E88', '슬림')"
6,"('attribute_2', '핏')","('2%5E88', '레귤러')"
7,"('attribute_2', '핏')","('2%5E88', '오버사이즈')"
8,"('attribute_1', '주요소재')","('1%5E17', '면')"
9,"('attribute_1', '주요소재')","('1%5E17', '폴리에스테르')"
10,"('attribute_1', '주요소재')","('1%5E17', '기모')"
11,"('attribute_1', '주요소재')","('1%5E17', '나일론')"
12,"('attribute_1', '주요소재')","('1%5E17', '폴리우레탄')"
13,"('attribute_1', '주요소재')","('1%5E17', '스판덱스')"
14,"('attribute_1', '주요소재')","('1%5E17', '레이온/인견')"
15,"('attribute_1', '주요소재')","('1%5E17', '울')"
16,"('attribute_1', '주요소재')","('1%5E17', '아크릴')"
17,"('attribute_1', '주요소재')","('1%5E17', '플리스')"
18,"('attribute_1', '주요소재')","('1%5E17', '니트')"
19,"('attribute_1', '주요소재')","('1%5E17', '텐셀')"
20,"('attribute_1', '주요소재')","('1%5E17', '모달')"
21,"('attribute_1', '주요소재')","('1%5E17', '코듀로이')"
22,"('attribute_1', '주요소재')","('1%5E17', '코마사')"
23,"('attribute_132', '주요장식')","('132%5E875', '니트패널')"
24,"('attribute_132', '주요장식')","('132%5E875', '디스트로이드')"
25,"('attribute_132', '주요장식')","('132%5E875', '라인')"
26,"('attribute_132', '주요장식')","('132%5E875', '레이어드')"
27,"('attribute_132', '주요장식')","('132%5E875', '셔링')"
28,"('attribute_132', '주요장식')","('132%5E875', '스트링')"
29,"('attribute_132', '주요장식')","('132%5E875', '슬릿')"
30,"('attribute_132', '주요장식')","('132%5E875', '언발란스')"
31,"('attribute_132', '주요장식')","('132%5E875', '컷아웃')"
32,"('attribute_132', '주요장식')","('132%5E875', '턱')"
33,"('attribute_132', '주요장식')","('132%5E875', '프릴')"
34,"('attribute_132', '주요장식')","('132%5E875', '플리츠')"
35,"('attribute_3', '넥라인')","('3%5E92', 'U넥')"
36,"('attribute_3', '넥라인')","('3%5E92', 'V넥')"
37,"('attribute_3', '넥라인')","('3%5E92', '헨리넥')"
38,"('attribute_3', '넥라인')","('3%5E92', '터틀넥')"
39,"('attribute_3', '넥라인')","('3%5E92', '하프넥')"
40,"('attribute_3', '넥라인')","('3%5E92', '일자탑')"
41,"('attribute_3', '넥라인')","('3%5E92', '라운드넥')"
42,"('attribute_3', '넥라인')","('3%5E92', '스퀘어넥')"
43,"('attribute_3', '넥라인')","('3%5E92', '보트넥')"
44,"('attribute_3', '넥라인')","('3%5E92', '하트넥')"
45,"('attribute_3', '넥라인')","('3%5E92', '리본넥')"
46,"('attribute_3', '넥라인')","('3%5E92', '후드')"
47,"('discountRate', '할인율')","('over_30_under_50', '30% 미만')"
48,"('discountRate', '할인율')","('over_30_under_50', '30%~50% 미만')"
49,"('discountRate', '할인율')","('over_30_under_50', '50%~70% 미만')"
50,"('discountRate', '할인율')","('over_30_under_50', '70% 이상')"
51,"('price', '가격')","('50000%5E100000', '5만원 이하')"
52,"('price', '가격')","('50000%5E100000', '5만원 ~ 10만원')"
53,"('price', '가격')","('50000%5E100000', '10만원 ~ 20만원')"
54,"('price', '가격')","('50000%5E100000', '20만원 ~ 30만원')"
55,"('price', '가격')","('50000%5E100000', '30만원 이상')"
56,"('color', '색상')","('24', '블랙')"
57,"('color', '색상')","('24', '라이트 그레이')"
58,"('color', '색상')","('24', '그레이')"
59,"('color', '색상')","('24', '네이비')"
60,"('color', '색상')","('24', '아이보리')"
61,"('color', '색상')","('24', '화이트')"
62,"('color', '색상')","('24', '다크 그레이')"
63,"('color', '색상')","('24', '블루')"
64,"('color', '색상')","('24', '그린')"
65,"('color', '색상')","('24', '스카이 블루')"
66,"('color', '색상')","('24', '베이지')"
67,"('color', '색상')","('24', '기타색상')"
68,"('color', '색상')","('24', '카키')"
69,"('color', '색상')","('24', '다크 그린')"
70,"('color', '색상')","('24', '브라운')"
71,"('color', '색상')","('24', '핑크')"
72,"('color', '색상')","('24', '오렌지')"
73,"('color', '색상')","('24', '라이트 핑크')"
74,"('color', '색상')","('24', '민트')"
75,"('color', '색상')","('24', '레드')"
76,"('color', '색상')","('24', '샌드')"
77,"('color', '색상')","('24', '퍼플')"
78,"('color', '색상')","('24', '옐로우')"
79,"('color', '색상')","('24', '라벤더')"
80,"('color', '색상')","('24', '라이트 옐로우')"
81,"('color', '색상')","('24', '버건디')"
82,"('color', '색상')","('24', '올리브 그린')"
83,"('color', '색상')","('24', '페일 핑크')"
84,"('color', '색상')","('24', '라이트 그린')"
85,"('color', '색상')","('24', '카멜')"
86,"('color', '색상')","('24', '딥레드')"
87,"('color', '색상')","('24', '카키 베이지')"
88,"('color', '색상')","('24', '데님')"
89,"('color', '색상')","('24', '실버')"
90,"('color', '색상')","('24', '연청')"
91,"('color', '색상')","('24', '로즈골드')"
92,"('color', '색상')","('24', '흑청')"
93,"('color', '색상')","('24', '중청')"
94,"('color', '색상')","('24', '골드')"
95,"('color', '색상')","('24', '진청')"
96,"('standardSize', '표준 사이즈')","('S', 'XS')"
97,"('standardSize', '표준 사이즈')","('S', 'S')"
98,"('standardSize', '표준 사이즈')","('S', 'M')"
99,"('standardSize', '표준 사이즈')","('S', 'L')"
100,"('standardSize', '표준 사이즈')","('S', 'XL')"
101,"('standardSize', '표준 사이즈')","('S', '2XL 이상')"
102,"('standardSize', '표준 사이즈')","('S', 'FREE')"
103,"('measureSize', '실측 사이즈')","('measure_3', '총장')"
104,"('measureSize', '실측 사이즈')","('measure_3', '어깨너비')"
105,"('measureSize', '실측 사이즈')","('measure_3', '가슴단면')"
106,"('measureSize', '실측 사이즈')","('measure_3', '소매길이')"
107,"('attribute_1', '주요소재')","('1%5E17', '린넨')"
108,"('attribute_1', '주요소재')","('1%5E17', '데님')"
109,"('attribute_1', '주요소재')","('1%5E17', '비스코스')"
110,"('attribute_1', '주요소재')","('1%5E17', '시폰')"
111,"('attribute_132', '주요장식')","('132%5E875', '롤업')"
112,"('attribute_132', '주요장식')","('132%5E875', '벨트')"
113,"('attribute_132', '주요장식')","('132%5E875', '퍼 트림')"
114,"('attribute_33', '상의기장')","('33%5E372', '울트라크롭')"
115,"('attribute_33', '상의기장')","('33%5E372', '크롭')"
116,"('attribute_33', '상의기장')","('33%5E372', '하프')"
117,"('attribute_33', '상의기장')","('33%5E372', '레귤러')"
118,"('attribute_33', '상의기장')","('33%5E372', '롱')"
119,"('attribute_33', '상의기장')","('33%5E372', '맥시')"
120,"('color', '색상')","('2', '화이트')"
121,"('color', '색상')","('2', '블랙')"
122,"('color', '색상')","('2', '스카이 블루')"
123,"('color', '색상')","('2', '블루')"
124,"('color', '색상')","('2', '아이보리')"
125,"('color', '색상')","('2', '네이비')"
126,"('color', '색상')","('2', '베이지')"
127,"('color', '색상')","('2', '다크 그레이')"
128,"('color', '색상')","('2', '데님')"
129,"('color', '색상')","('2', '라이트 핑크')"
130,"('color', '색상')","('2', '라이트 그레이')"
131,"('color', '색상')","('2', '브라운')"
132,"('color', '색상')","('2', '카키')"
133,"('color', '색상')","('2', '그린')"
134,"('color', '색상')","('2', '그레이')"
135,"('color', '색상')","('2', '라이트 옐로우')"
136,"('color', '색상')","('2', '민트')"
137,"('color', '색상')","('2', '샌드')"
138,"('color', '색상')","('2', '핑크')"
139,"('color', '색상')","('2', '레드')"
140,"('color', '색상')","('2', '옐로우')"
141,"('color', '색상')","('2', '기타색상')"
142,"('color', '색상')","('2', '라벤더')"
143,"('color', '색상')","('2', '라이트 그린')"
144,"('color', '색상')","('2', '연청')"
145,"('color', '색상')","('2', '페일 핑크')"
146,"('color', '색상')","('2', '오렌지')"
147,"('color', '색상')","('2', '올리브 그린')"
148,"('color', '색상')","('2', '퍼플')"
149,"('color', '색상')","('2', '다크 그린')"
150,"('color', '색상')","('2', '흑청')"
151,"('color', '색상')","('2', '카멜')"
152,"('color', '색상')","('2', '버건디')"
153,"('color', '색상')","('2', '카키 베이지')"
154,"('color', '색상')","('2', '중청')"
155,"('color', '색상')","('2', '딥레드')"
156,"('color', '색상')","('2', '진청')"
157,"('color', '색상')","('2', '실버')"
158,"('color', '색상')","('2', '골드')"
159,"('color', '색상')","('2', '로즈골드')"
160,"('attribute_1', '주요소재')","('1%5E17', '플라스틱')"
161,"('attribute_1', '주요소재')","('1%5E17', '벨벳')"
162,"('attribute_1', '주요소재')","('1%5E28', '면')"
163,"('attribute_1', '주요소재')","('1%5E28', '아크릴')"
164,"('attribute_1', '주요소재')","('1%5E28', '폴리에스테르')"
165,"('attribute_1', '주요소재')","('1%5E28', '울')"
166,"('attribute_1', '주요소재')","('1%5E28', '나일론')"
167,"('attribute_1', '주요소재')","('1%5E28', '니트')"
168,"('attribute_1', '주요소재')","('1%5E28', '레이온/인견')"
169,"('attribute_1', '주요소재')","('1%5E28', '비스코스')"
170,"('attribute_1', '주요소재')","('1%5E28', '캐시미어')"
171,"('attribute_1', '주요소재')","('1%5E28', '모')"
172,"('attribute_1', '주요소재')","('1%5E28', '린넨')"
173,"('attribute_1', '주요소재')","('1%5E28', '알파카')"
174,"('attribute_1', '주요소재')","('1%5E28', '모헤어')"
175,"('attribute_1', '주요소재')","('1%5E28', '스판덱스')"
176,"('attribute_1', '주요소재')","('1%5E28', '텐셀')"
177,"('color', '색상')","('23', '블랙')"
178,"('color', '색상')","('23', '아이보리')"
179,"('color', '색상')","('23', '네이비')"
180,"('color', '색상')","('23', '베이지')"
181,"('color', '색상')","('23', '블루')"
182,"('color', '색상')","('23', '스카이 블루')"
183,"('color', '색상')","('23', '그레이')"
184,"('color', '색상')","('23', '화이트')"
185,"('color', '색상')","('23', '브라운')"
186,"('color', '색상')","('23', '그린')"
187,"('color', '색상')","('23', '라이트 그레이')"
188,"('color', '색상')","('23', '다크 그레이')"
189,"('color', '색상')","('23', '샌드')"
190,"('color', '색상')","('23', '라이트 핑크')"
191,"('color', '색상')","('23', '핑크')"
192,"('color', '색상')","('23', '민트')"
193,"('color', '색상')","('23', '카키')"
194,"('color', '색상')","('23', '라이트 옐로우')"
195,"('color', '색상')","('23', '레드')"
196,"('color', '색상')","('23', '옐로우')"
197,"('color', '색상')","('23', '다크 그린')"
198,"('color', '색상')","('23', '오렌지')"
199,"('color', '색상')","('23', '라이트 그린')"
200,"('color', '색상')","('23', '라벤더')"
201,"('color', '색상')","('23', '기타색상')"
202,"('color', '색상')","('23', '올리브 그린')"
203,"('color', '색상')","('23', '퍼플')"
204,"('color', '색상')","('23', '페일 핑크')"
205,"('color', '색상')","('23', '카멜')"
206,"('color', '색상')","('23', '버건디')"
207,"('color', '색상')","('23', '딥레드')"
208,"('color', '색상')","('23', '카키 베이지')"
209,"('color', '색상')","('23', '데님')"
210,"('color', '색상')","('23', '연청')"
211,"('color', '색상')","('23', '흑청')"
212,"('color', '색상')","('23', '로즈골드')"
213,"('color', '색상')","('23', '골드')"
214,"('color', '색상')","('23', '실버')"
215,"('color', '색상')","('23', '중청')"
216,"('color', '색상')","('23', '진청')"
217,"('attribute_1', '주요소재')","('1%5E17', '엘라스틴')"
218,"('attribute_1', '주요소재')","('1%5E17', '메시')"
219,"('color', '색상')","('1', '블랙')"
220,"('color', '색상')","('1', '화이트')"
221,"('color', '색상')","('1', '네이비')"
222,"('color', '색상')","('1', '스카이 블루')"
223,"('color', '색상')","('1', '블루')"
224,"('color', '색상')","('1', '그린')"
225,"('color', '색상')","('1', '아이보리')"
226,"('color', '색상')","('1', '다크 그레이')"
227,"('color', '색상')","('1', '베이지')"
228,"('color', '색상')","('1', '라이트 핑크')"
229,"('color', '색상')","('1', '라이트 그레이')"
230,"('color', '색상')","('1', '다크 그린')"
231,"('color', '색상')","('1', '레드')"
232,"('color', '색상')","('1', '그레이')"
233,"('color', '색상')","('1', '민트')"
234,"('color', '색상')","('1', '핑크')"
235,"('color', '색상')","('1', '카키')"
236,"('color', '색상')","('1', '샌드')"
237,"('color', '색상')","('1', '브라운')"
238,"('color', '색상')","('1', '옐로우')"
239,"('color', '색상')","('1', '라이트 옐로우')"
240,"('color', '색상')","('1', '기타색상')"
241,"('color', '색상')","('1', '오렌지')"
242,"('color', '색상')","('1', '라벤더')"
243,"('color', '색상')","('1', '라이트 그린')"
244,"('color', '색상')","('1', '퍼플')"
245,"('color', '색상')","('1', '페일 핑크')"
246,"('color', '색상')","('1', '올리브 그린')"
247,"('color', '색상')","('1', '버건디')"
248,"('color', '색상')","('1', '카멜')"
249,"('color', '색상')","('1', '딥레드')"
250,"('color', '색상')","('1', '카키 베이지')"
251,"('color', '색상')","('1', '데님')"
252,"('color', '색상')","('1', '연청')"
253,"('color', '색상')","('1', '로즈골드')"
254,"('color', '색상')","('1', '진청')"
255,"('color', '색상')","('1', '실버')"
256,"('color', '색상')","('1', '중청')"
257,"('attribute_1', '주요소재')","('1%5E17', '모')"
258,"('attribute_3', '넥라인')","('3%5E92', '홀터넥')"
259,"('color', '색상')","('1', '골드')"
260,"('color', '색상')","('1', '흑청')"
261,"('attribute_1', '주요소재')","('1%5E17', '폴리아미드')"
262,"('attribute_6', '패턴/무늬')","('6%5E900', '단색')"
263,"('attribute_6', '패턴/무늬')","('6%5E900', '드로잉')"
264,"('attribute_6', '패턴/무늬')","('6%5E900', '로고/그래픽')"
265,"('attribute_6', '패턴/무늬')","('6%5E900', '타이다이')"
266,"('attribute_6', '패턴/무늬')","('6%5E900', '그라데이션')"
267,"('attribute_6', '패턴/무늬')","('6%5E900', '컬러블록')"
268,"('attribute_6', '패턴/무늬')","('6%5E900', '스트라이프')"
269,"('attribute_6', '패턴/무늬')","('6%5E900', '도트')"
270,"('attribute_6', '패턴/무늬')","('6%5E900', '체크')"
271,"('attribute_6', '패턴/무늬')","('6%5E900', '하운드 투스')"
272,"('attribute_6', '패턴/무늬')","('6%5E900', '플라워')"
273,"('attribute_6', '패턴/무늬')","('6%5E900', '카모')"
274,"('attribute_6', '패턴/무늬')","('6%5E900', '애니멀')"
275,"('attribute_6', '패턴/무늬')","('6%5E900', '패치워크')"
276,"('measureSize', '실측 사이즈')","('measure_1', '총장')"
277,"('measureSize', '실측 사이즈')","('measure_1', '가슴단면')"
278,"('measureSize', '실측 사이즈')","('measure_1', '어깨너비')"
279,"('attribute_1', '주요소재')","('1%5E3', '폴리에스테르')"
280,"('attribute_1', '주요소재')","('1%5E3', '면')"
281,"('attribute_1', '주요소재')","('1%5E3', '폴리우레탄')"
282,"('attribute_1', '주요소재')","('1%5E3', '나일론')"
283,"('attribute_1', '주요소재')","('1%5E3', '스판덱스')"
284,"('attribute_1', '주요소재')","('1%5E3', '레이온/인견')"
285,"('attribute_1', '주요소재')","('1%5E3', '모달')"
286,"('attribute_1', '주요소재')","('1%5E3', '울')"
287,"('attribute_1', '주요소재')","('1%5E3', '아크릴')"
288,"('attribute_1', '주요소재')","('1%5E3', '엘라스틴')"
289,"('attribute_1', '주요소재')","('1%5E3', '텐셀')"
290,"('attribute_1', '주요소재')","('1%5E3', '기모')"
291,"('attribute_1', '주요소재')","('1%5E3', '니트')"
292,"('attribute_1', '주요소재')","('1%5E3', '비스코스')"
293,"('attribute_1', '주요소재')","('1%5E3', '폴리프로필렌')"
294,"('attribute_6', '패턴/무늬')","('6%5E900', '아가일')"
295,"('attribute_6', '패턴/무늬')","('6%5E900', '체커보드')"
296,"('attribute_6', '패턴/무늬')","('6%5E900', '페이즐리')"
297,"('attribute_6', '패턴/무늬')","('6%5E900', '트로피컬')"
298,"('attribute_33', '상의기장')","('33%5E902', '크롭')"
299,"('attribute_33', '상의기장')","('33%5E902', '하프')"
300,"('attribute_33', '상의기장')","('33%5E902', '레귤러')"
301,"('attribute_33', '상의기장')","('33%5E902', '롱')"
302,"('attribute_33', '상의기장')","('33%5E902', '맥시')"
303,"('attribute_128', '카라타입')","('128%5E843', '노카라')"
304,"('attribute_128', '카라타입')","('128%5E843', '니트카라')"
305,"('attribute_128', '카라타입')","('128%5E843', '숄카라')"
306,"('attribute_128', '카라타입')","('128%5E843', '스탠드 카라')"
307,"('attribute_128', '카라타입')","('128%5E843', '싱글 카라')"
308,"('attribute_128', '카라타입')","('128%5E843', '하프 집업')"
309,"('attribute_131', '어깨/소매타입')","('131%5E864', '라글란')"
310,"('attribute_131', '어깨/소매타입')","('131%5E864', '볼륨소매')"
311,"('attribute_131', '어깨/소매타입')","('131%5E864', '오프숄더')"
312,"('attribute_131', '어깨/소매타입')","('131%5E864', '와이드소매')"
313,"('attribute_1', '주요소재')","('1%5E3', '인조가죽')"
314,"('attribute_1', '주요소재')","('1%5E3', '모')"
315,"('attribute_1', '주요소재')","('1%5E3', '데님')"
316,"('attribute_1', '주요소재')","('1%5E3', '코듀로이')"
317,"('attribute_1', '주요소재')","('1%5E3', '린넨')"
318,"('attribute_128', '카라타입')","('128%5E843', '빅카라')"
319,"('attribute_128', '카라타입')","('128%5E843', '테일러드 카라')"
320,"('attribute_128', '카라타입')","('128%5E843', '퍼카라')"
321,"('attribute_20', '여밈방식')","('20%5E292', '싱글버튼')"
322,"('attribute_20', '여밈방식')","('20%5E292', '더블버튼')"
323,"('attribute_20', '여밈방식')","('20%5E292', '토글')"
324,"('attribute_20', '여밈방식')","('20%5E292', '집업')"
325,"('attribute_20', '여밈방식')","('20%5E292', '오픈')"
326,"('attribute_20', '여밈방식')","('20%5E292', '집업/버튼')"
327,"('attribute_20', '여밈방식')","('20%5E292', '스냅')"
328,"('attribute_20', '여밈방식')","('20%5E292', '버클')"
329,"('color', '색상')","('30', '블랙')"
330,"('color', '색상')","('30', '카키')"
331,"('color', '색상')","('30', '네이비')"
332,"('color', '색상')","('30', '베이지')"
333,"('color', '색상')","('30', '아이보리')"
334,"('color', '색상')","('30', '다크 그레이')"
335,"('color', '색상')","('30', '브라운')"
336,"('color', '색상')","('30', '그레이')"
337,"('color', '색상')","('30', '라이트 그레이')"
338,"('color', '색상')","('30', '올리브 그린')"
339,"('color', '색상')","('30', '샌드')"
340,"('color', '색상')","('30', '화이트')"
341,"('color', '색상')","('30', '블루')"
342,"('color', '색상')","('30', '그린')"
343,"('color', '색상')","('30', '기타색상')"
344,"('color', '색상')","('30', '다크 그린')"
345,"('color', '색상')","('30', '스카이 블루')"
346,"('color', '색상')","('30', '카멜')"
347,"('color', '색상')","('30', '버건디')"
348,"('color', '색상')","('30', '데님')"
349,"('color', '색상')","('30', '레드')"
350,"('color', '색상')","('30', '라이트 옐로우')"
351,"('color', '색상')","('30', '민트')"
352,"('color', '색상')","('30', '라이트 핑크')"
353,"('color', '색상')","('30', '페일 핑크')"
354,"('color', '색상')","('30', '흑청')"
355,"('color', '색상')","('30', '퍼플')"
356,"('color', '색상')","('30', '핑크')"
357,"('color', '색상')","('30', '카키 베이지')"
358,"('color', '색상')","('30', '옐로우')"
359,"('color', '색상')","('30', '오렌지')"
360,"('color', '색상')","('30', '라이트 그린')"
361,"('color', '색상')","('30', '라벤더')"
362,"('color', '색상')","('30', '실버')"
363,"('color', '색상')","('30', '딥레드')"
364,"('color', '색상')","('30', '연청')"
365,"('color', '색상')","('30', '중청')"
366,"('color', '색상')","('30', '진청')"
367,"('color', '색상')","('30', '골드')"
368,"('attribute_1', '주요소재')","('1%5E31', '폴리우레탄')"
369,"('attribute_1', '주요소재')","('1%5E31', '천연가죽')"
370,"('attribute_1', '주요소재')","('1%5E31', '폴리에스테르')"
371,"('attribute_1', '주요소재')","('1%5E31', '인조가죽')"
372,"('attribute_1', '주요소재')","('1%5E31', '레이온/인견')"
373,"('attribute_1', '주요소재')","('1%5E31', '면')"
374,"('attribute_1', '주요소재')","('1%5E31', '나일론')"
375,"('attribute_1', '주요소재')","('1%5E31', '스웨이드')"
376,"('attribute_1', '주요소재')","('1%5E31', '울')"
377,"('attribute_1', '주요소재')","('1%5E31', '비스코스')"
378,"('attribute_1', '주요소재')","('1%5E31', '아크릴')"
379,"('attribute_1', '주요소재')","('1%5E31', '데님')"
380,"('attribute_1', '주요소재')","('1%5E31', '인조퍼')"
381,"('attribute_1', '주요소재')","('1%5E31', '스판덱스')"
382,"('attribute_1', '주요소재')","('1%5E31', '인조양모')"
383,"('attribute_128', '카라타입')","('128%5E843', '타이카라')"
384,"('attribute_20', '여밈방식')","('20%5E292', '타이드')"
385,"('color', '색상')","('4', '블랙')"
386,"('color', '색상')","('4', '브라운')"
387,"('color', '색상')","('4', '아이보리')"
388,"('color', '색상')","('4', '베이지')"
389,"('color', '색상')","('4', '다크 그레이')"
390,"('color', '색상')","('4', '카멜')"
391,"('color', '색상')","('4', '카키')"
392,"('color', '색상')","('4', '네이비')"
393,"('color', '색상')","('4', '그레이')"
394,"('color', '색상')","('4', '올리브 그린')"
395,"('color', '색상')","('4', '다크 그린')"
396,"('color', '색상')","('4', '샌드')"
397,"('color', '색상')","('4', '버건디')"
398,"('color', '색상')","('4', '라이트 그레이')"
399,"('color', '색상')","('4', '블루')"
400,"('color', '색상')","('4', '스카이 블루')"
401,"('color', '색상')","('4', '화이트')"
402,"('color', '색상')","('4', '기타색상')"
403,"('color', '색상')","('4', '레드')"
404,"('color', '색상')","('4', '데님')"
405,"('color', '색상')","('4', '페일 핑크')"
406,"('color', '색상')","('4', '흑청')"
407,"('color', '색상')","('4', '그린')"
408,"('color', '색상')","('4', '딥레드')"
409,"('color', '색상')","('4', '카키 베이지')"
410,"('color', '색상')","('4', '옐로우')"
411,"('color', '색상')","('4', '오렌지')"
412,"('color', '색상')","('4', '민트')"
413,"('color', '색상')","('4', '핑크')"
414,"('color', '색상')","('4', '라이트 핑크')"
415,"('color', '색상')","('4', '골드')"
416,"('color', '색상')","('4', '라이트 그린')"
417,"('color', '색상')","('4', '라이트 옐로우')"
418,"('color', '색상')","('4', '퍼플')"
419,"('color', '색상')","('4', '라벤더')"
420,"('color', '색상')","('4', '실버')"
421,"('color', '색상')","('4', '로즈골드')"
422,"('color', '색상')","('4', '중청')"
423,"('attribute_1', '주요소재')","('1%5E15', '폴리에스테르')"
424,"('attribute_1', '주요소재')","('1%5E15', '인조퍼')"
425,"('attribute_1', '주요소재')","('1%5E15', '아크릴')"
426,"('attribute_1', '주요소재')","('1%5E15', '폴리우레탄')"
427,"('attribute_1', '주요소재')","('1%5E15', '인조가죽')"
428,"('attribute_1', '주요소재')","('1%5E15', '울')"
429,"('attribute_1', '주요소재')","('1%5E15', '천연가죽')"
430,"('attribute_1', '주요소재')","('1%5E15', '천연양모')"
431,"('attribute_1', '주요소재')","('1%5E15', '나일론')"
432,"('attribute_1', '주요소재')","('1%5E15', '스웨이드')"
433,"('attribute_1', '주요소재')","('1%5E15', '밍크')"
434,"('attribute_1', '주요소재')","('1%5E15', '면')"
435,"('attribute_1', '주요소재')","('1%5E15', '천연퍼')"
436,"('attribute_1', '주요소재')","('1%5E15', '인조양모')"
437,"('attribute_1', '주요소재')","('1%5E15', '스판덱스')"
438,"('color', '색상')","('4', '연청')"
439,"('attribute_1', '주요소재')","('1%5E1', '면')"
440,"('attribute_1', '주요소재')","('1%5E1', '데님')"
441,"('attribute_1', '주요소재')","('1%5E1', '폴리에스테르')"
442,"('attribute_1', '주요소재')","('1%5E1', '나일론')"
443,"('attribute_1', '주요소재')","('1%5E1', '레이온/인견')"
444,"('attribute_1', '주요소재')","('1%5E1', '울')"
445,"('attribute_1', '주요소재')","('1%5E1', '코듀로이')"
446,"('attribute_1', '주요소재')","('1%5E1', '스판덱스')"
447,"('attribute_1', '주요소재')","('1%5E1', '폴리우레탄')"
448,"('attribute_1', '주요소재')","('1%5E1', '스웨이드')"
449,"('attribute_1', '주요소재')","('1%5E1', '아크릴')"
450,"('attribute_1', '주요소재')","('1%5E1', '린넨')"
451,"('attribute_1', '주요소재')","('1%5E1', '천연가죽')"
452,"('attribute_1', '주요소재')","('1%5E1', '모')"
453,"('attribute_1', '주요소재')","('1%5E1', '인조퍼')"
454,"('attribute_6', '패턴/무늬')","('6%5E898', '단색')"
455,"('attribute_6', '패턴/무늬')","('6%5E898', '로고/그래픽')"
456,"('attribute_6', '패턴/무늬')","('6%5E898', '타이다이')"
457,"('attribute_6', '패턴/무늬')","('6%5E898', '그라데이션')"
458,"('attribute_6', '패턴/무늬')","('6%5E898', '컬러블록')"
459,"('attribute_6', '패턴/무늬')","('6%5E898', '스트라이프')"
460,"('attribute_6', '패턴/무늬')","('6%5E898', '체크')"
461,"('attribute_6', '패턴/무늬')","('6%5E898', '헤링본')"
462,"('attribute_6', '패턴/무늬')","('6%5E898', '하운드 투스')"
463,"('attribute_6', '패턴/무늬')","('6%5E898', '페이즐리')"
464,"('attribute_6', '패턴/무늬')","('6%5E898', '플라워')"
465,"('attribute_6', '패턴/무늬')","('6%5E898', '카모')"
466,"('attribute_6', '패턴/무늬')","('6%5E898', '애니멀')"
467,"('attribute_6', '패턴/무늬')","('6%5E898', '패치워크')"
468,"('attribute_128', '카라타입')","('128%5E843', '세일러 카라')"
469,"('attribute_1', '주요소재')","('1%5E35', '폴리에스테르')"
470,"('attribute_1', '주요소재')","('1%5E35', '레이온/인견')"
471,"('attribute_1', '주요소재')","('1%5E35', '울')"
472,"('attribute_1', '주요소재')","('1%5E35', '면')"
473,"('attribute_1', '주요소재')","('1%5E35', '나일론')"
474,"('attribute_1', '주요소재')","('1%5E35', '린넨')"
475,"('attribute_1', '주요소재')","('1%5E35', '폴리우레탄')"
476,"('attribute_1', '주요소재')","('1%5E35', '모')"
477,"('attribute_1', '주요소재')","('1%5E35', '스판덱스')"
478,"('attribute_1', '주요소재')","('1%5E35', '아크릴')"
479,"('attribute_1', '주요소재')","('1%5E35', '텐셀')"
480,"('attribute_1', '주요소재')","('1%5E35', '비스코스')"
481,"('attribute_1', '주요소재')","('1%5E35', 'TR')"
482,"('attribute_1', '주요소재')","('1%5E35', '코듀로이')"
483,"('attribute_1', '주요소재')","('1%5E35', '실크')"
484,"('color', '색상')","('36', '블랙')"
485,"('color', '색상')","('36', '네이비')"
486,"('color', '색상')","('36', '베이지')"
487,"('color', '색상')","('36', '다크 그레이')"
488,"('color', '색상')","('36', '아이보리')"
489,"('color', '색상')","('36', '그레이')"
490,"('color', '색상')","('36', '브라운')"
491,"('color', '색상')","('36', '샌드')"
492,"('color', '색상')","('36', '라이트 그레이')"
493,"('color', '색상')","('36', '카키')"
494,"('color', '색상')","('36', '화이트')"
495,"('color', '색상')","('36', '블루')"
496,"('color', '색상')","('36', '스카이 블루')"
497,"('color', '색상')","('36', '카멜')"
498,"('color', '색상')","('36', '올리브 그린')"
499,"('color', '색상')","('36', '라이트 핑크')"
500,"('color', '색상')","('36', '카키 베이지')"
501,"('color', '색상')","('36', '민트')"
502,"('color', '색상')","('36', '핑크')"
503,"('color', '색상')","('36', '라이트 옐로우')"
504,"('color', '색상')","('36', '기타색상')"
505,"('color', '색상')","('36', '다크 그린')"
506,"('color', '색상')","('36', '그린')"
507,"('color', '색상')","('36', '페일 핑크')"
508,"('color', '색상')","('36', '옐로우')"
509,"('color', '색상')","('36', '레드')"
510,"('color', '색상')","('36', '데님')"
511,"('color', '색상')","('36', '라이트 그린')"
512,"('color', '색상')","('36', '오렌지')"
513,"('color', '색상')","('36', '라벤더')"
514,"('color', '색상')","('36', '퍼플')"
515,"('color', '색상')","('36', '버건디')"
516,"('color', '색상')","('36', '딥레드')"
517,"('color', '색상')","('36', '연청')"
518,"('color', '색상')","('36', '골드')"
519,"('color', '색상')","('36', '실버')"
520,"('color', '색상')","('36', '로즈골드')"
521,"('color', '색상')","('36', '진청')"
522,"('color', '색상')","('36', '흑청')"
523,"('color', '색상')","('36', '중청')"
524,"('attribute_1', '주요소재')","('1%5E3', '캐시미어')"
525,"('attribute_1', '주요소재')","('1%5E3', '알파카')"
526,"('attribute_1', '주요소재')","('1%5E3', '모헤어')"
527,"('attribute_6', '패턴/무늬')","('6%5E898', '아가일')"
528,"('attribute_6', '패턴/무늬')","('6%5E898', '도트')"
529,"('attribute_1', '주요소재')","('1%5E17', '알파카')"
530,"('attribute_128', '카라타입')","('128%5E844', '노카라')"
531,"('attribute_128', '카라타입')","('128%5E844', '빅카라')"
532,"('attribute_128', '카라타입')","('128%5E844', '스탠드 카라')"
533,"('attribute_128', '카라타입')","('128%5E844', '싱글 카라')"
534,"('attribute_128', '카라타입')","('128%5E844', '하프 집업')"
535,"('attribute_131', '어깨/소매타입')","('131%5E862', '라글란')"
536,"('attribute_131', '어깨/소매타입')","('131%5E862', '오프숄더')"
537,"('attribute_131', '어깨/소매타입')","('131%5E862', '와이드소매')"
538,"('attribute_1', '주요소재')","('1%5E27', '폴리에스테르')"
539,"('attribute_1', '주요소재')","('1%5E27', '플리스')"
540,"('attribute_1', '주요소재')","('1%5E27', '나일론')"
541,"('attribute_1', '주요소재')","('1%5E27', '면')"
542,"('attribute_1', '주요소재')","('1%5E27', '아크릴')"
543,"('attribute_1', '주요소재')","('1%5E27', '울')"
544,"('attribute_1', '주요소재')","('1%5E27', '인조퍼')"
545,"('attribute_1', '주요소재')","('1%5E27', '폴리우레탄')"
546,"('attribute_1', '주요소재')","('1%5E27', '기모')"
547,"('attribute_1', '주요소재')","('1%5E27', '스판덱스')"
548,"('attribute_1', '주요소재')","('1%5E27', '인조양모')"
549,"('attribute_1', '주요소재')","('1%5E27', '데님')"
550,"('attribute_1', '주요소재')","('1%5E27', '레이온/인견')"
551,"('attribute_1', '주요소재')","('1%5E27', '코듀로이')"
552,"('attribute_1', '주요소재')","('1%5E27', '코듀라')"
553,"('attribute_1', '주요소재')","('1%5E3', '벨벳')"
554,"('attribute_1', '주요소재')","('1%5E3', '메시')"
555,"('attribute_1', '주요소재')","('1%5E3', '폴리아미드')"
556,"('attribute_5', '신축성')","('5%5E112', '없음')"
557,"('attribute_5', '신축성')","('5%5E112', '거의 없음')"
558,"('attribute_5', '신축성')","('5%5E112', '보통')"
559,"('attribute_5', '신축성')","('5%5E112', '약간 있음')"
560,"('attribute_5', '신축성')","('5%5E112', '있음')"
561,"('attribute_4', '두께')","('4%5E107', '두꺼움')"
562,"('attribute_4', '두께')","('4%5E107', '약간 두꺼움')"
563,"('attribute_4', '두께')","('4%5E107', '보통')"
564,"('attribute_4', '두께')","('4%5E107', '약간 얇음')"
565,"('attribute_4', '두께')","('4%5E107', '얇음')"
566,"('attribute_1', '주요소재')","('1%5E3', '천연가죽')"
567,"('attribute_1', '주요소재')","('1%5E3', '모직')"
568,"('attribute_1', '주요소재')","('1%5E3', '스웨이드')"
569,"('attribute_1', '주요소재')","('1%5E17', '천연가죽')"
570,"('attribute_1', '주요소재')","('1%5E17', '인조가죽')"
571,"('attribute_1', '주요소재')","('1%5E17', '실크')"
572,"('attribute_1', '주요소재')","('1%5E17', '캐시미어')"
573,"('attribute_1', '주요소재')","('1%5E17', '모직')"
574,"('attribute_1', '주요소재')","('1%5E17', '앙고라')"
575,"('attribute_1', '주요소재')","('1%5E17', '모헤어')"
576,"('attribute_128', '카라타입')","('128%5E844', '숄카라')"
577,"('attribute_128', '카라타입')","('128%5E844', '테일러드 카라')"
578,"('attribute_128', '카라타입')","('128%5E844', '퍼카라')"
579,"('attribute_40', '코트타입')","('40%5E404', '트렌치코트')"
580,"('attribute_40', '코트타입')","('40%5E404', '케이프코트')"
581,"('attribute_40', '코트타입')","('40%5E404', '더플 코트')"
582,"('attribute_40', '코트타입')","('40%5E404', '피코트')"
583,"('attribute_40', '코트타입')","('40%5E404', '맥코트')"
584,"('attribute_40', '코트타입')","('40%5E404', '체스터필드 코트')"
585,"('attribute_40', '코트타입')","('40%5E404', '발마칸 코트')"
586,"('attribute_40', '코트타입')","('40%5E404', '랩 코트')"
587,"('attribute_1', '주요소재')","('1%5E17', '울템')"
588,"('attribute_1', '주요소재')","('1%5E17', '인조퍼')"
589,"('attribute_1', '주요소재')","('1%5E29', '폴리에스테르')"
590,"('attribute_1', '주요소재')","('1%5E29', '나일론')"
591,"('attribute_1', '주요소재')","('1%5E29', '면')"
592,"('attribute_1', '주요소재')","('1%5E29', '폴리우레탄')"
593,"('attribute_1', '주요소재')","('1%5E29', '폴리아미드')"
594,"('attribute_1', '주요소재')","('1%5E29', '인조퍼')"
595,"('attribute_1', '주요소재')","('1%5E29', '울')"
596,"('attribute_1', '주요소재')","('1%5E29', '기모')"
597,"('attribute_1', '주요소재')","('1%5E29', '플리스')"
598,"('attribute_1', '주요소재')","('1%5E29', '천연가죽')"
599,"('attribute_1', '주요소재')","('1%5E29', '레이온/인견')"
600,"('attribute_1', '주요소재')","('1%5E29', '코듀로이')"
601,"('attribute_1', '주요소재')","('1%5E29', '엘라스틴')"
602,"('attribute_13', '주요충전재')","('13%5E234', '오리털/덕다운')"
603,"('attribute_13', '주요충전재')","('13%5E234', '거위털/구스다운')"
604,"('attribute_13', '주요충전재')","('13%5E234', '웰론')"
605,"('attribute_13', '주요충전재')","('13%5E234', '솜/폴리에스테르')"
606,"('attribute_1', '주요소재')","('1%5E29', '인조가죽')"
607,"('attribute_1', '주요소재')","('1%5E29', '스판덱스')"
608,"('attribute_1', '주요소재')","('1%5E29', '아크릴')"
609,"('attribute_1', '주요소재')","('1%5E29', '데님')"
610,"('attribute_1', '주요소재')","('1%5E29', '모')"
611,"('attribute_128', '카라타입')","('128%5E843', '러플카라')"
612,"('attribute_1', '주요소재')","('1%5E29', '메탈')"
613,"('attribute_6', '패턴/무늬')","('6%5E898', '체커보드')"
614,"('attribute_128', '카라타입')","('128%5E841', '노카라')"
615,"('attribute_128', '카라타입')","('128%5E841', '스탠드 카라')"
616,"('attribute_128', '카라타입')","('128%5E841', '싱글 카라')"
617,"('attribute_128', '카라타입')","('128%5E841', '테일러드 카라')"
618,"('attribute_128', '카라타입')","('128%5E841', '하프 집업')"
619,"('attribute_6', '패턴/무늬')","('6%5E900', '헤링본')"
620,"('attribute_14', '바지핏')","('14%5E239', '와이드')"
621,"('attribute_14', '바지핏')","('14%5E239', '스트레이트')"
622,"('attribute_14', '바지핏')","('14%5E239', '슬림/스키니')"
623,"('attribute_14', '바지핏')","('14%5E239', '부츠컷')"
624,"('attribute_14', '바지핏')","('14%5E239', '테이퍼드')"
625,"('attribute_14', '바지핏')","('14%5E239', '크롭')"
626,"('attribute_14', '바지핏')","('14%5E239', '배기핏')"
627,"('attribute_14', '바지핏')","('14%5E239', '조거핏')"
628,"('attribute_1', '주요소재')","('1%5E1', '엘라스틴')"
629,"('attribute_1', '주요소재')","('1%5E1', '기모')"
630,"('attribute_1', '주요소재')","('1%5E1', '텐셀')"
631,"('attribute_1', '주요소재')","('1%5E1', '비스코스')"
632,"('attribute_1', '주요소재')","('1%5E1', '니트')"
633,"('attribute_34', '하의기장')","('34%5E376', '긴바지')"
634,"('attribute_34', '하의기장')","('34%5E376', '반바지')"
635,"('attribute_34', '하의기장')","('34%5E376', '숏')"
636,"('attribute_34', '하의기장')","('34%5E376', '7부')"
637,"('attribute_34', '하의기장')","('34%5E376', '9부')"
638,"('attribute_31', '계절')","('31%5E362', '봄')"
639,"('attribute_31', '계절')","('31%5E362', '여름')"
640,"('attribute_31', '계절')","('31%5E362', '가을')"
641,"('attribute_31', '계절')","('31%5E362', '겨울')"
642,"('color', '색상')","('57', '데님')"
643,"('color', '색상')","('57', '연청')"
644,"('color', '색상')","('57', '흑청')"
645,"('color', '색상')","('57', '중청')"
646,"('color', '색상')","('57', '블랙')"
647,"('color', '색상')","('57', '블루')"
648,"('color', '색상')","('57', '진청')"
649,"('color', '색상')","('57', '화이트')"
650,"('color', '색상')","('57', '아이보리')"
651,"('color', '색상')","('57', '그레이')"
652,"('color', '색상')","('57', '다크 그레이')"
653,"('color', '색상')","('57', '기타색상')"
654,"('color', '색상')","('57', '스카이 블루')"
655,"('color', '색상')","('57', '브라운')"
656,"('color', '색상')","('57', '라이트 그레이')"
657,"('color', '색상')","('57', '네이비')"
658,"('color', '색상')","('57', '베이지')"
659,"('color', '색상')","('57', '카키')"
660,"('color', '색상')","('57', '라이트 핑크')"
661,"('color', '색상')","('57', '핑크')"
662,"('color', '색상')","('57', '퍼플')"
663,"('color', '색상')","('57', '샌드')"
664,"('color', '색상')","('57', '페일 핑크')"
665,"('color', '색상')","('57', '라벤더')"
666,"('color', '색상')","('57', '그린')"
667,"('color', '색상')","('57', '올리브 그린')"
668,"('color', '색상')","('57', '다크 그린')"
669,"('color', '색상')","('57', '라이트 옐로우')"
670,"('color', '색상')","('57', '민트')"
671,"('color', '색상')","('57', '레드')"
672,"('color', '색상')","('57', '버건디')"
673,"('color', '색상')","('57', '카멜')"
674,"('color', '색상')","('57', '카키 베이지')"
675,"('color', '색상')","('57', '옐로우')"
676,"('color', '색상')","('57', '오렌지')"
677,"('color', '색상')","('57', '라이트 그린')"
678,"('color', '색상')","('57', '딥레드')"
679,"('color', '색상')","('57', '실버')"
680,"('measureSize', '실측 사이즈')","('measure_9', '총장')"
681,"('measureSize', '실측 사이즈')","('measure_9', '허리단면')"
682,"('measureSize', '실측 사이즈')","('measure_9', '엉덩이단면')"
683,"('measureSize', '실측 사이즈')","('measure_9', '허벅지단면')"
684,"('measureSize', '실측 사이즈')","('measure_9', '밑위')"
685,"('measureSize', '실측 사이즈')","('measure_9', '밑단단면')"
686,"('attribute_1', '주요소재')","('1%5E17', '캔버스')"
687,"('color', '색상')","('5', '블랙')"
688,"('color', '색상')","('5', '베이지')"
689,"('color', '색상')","('5', '카키')"
690,"('color', '색상')","('5', '아이보리')"
691,"('color', '색상')","('5', '네이비')"
692,"('color', '색상')","('5', '다크 그레이')"
693,"('color', '색상')","('5', '브라운')"
694,"('color', '색상')","('5', '화이트')"
695,"('color', '색상')","('5', '샌드')"
696,"('color', '색상')","('5', '라이트 그레이')"
697,"('color', '색상')","('5', '그레이')"
698,"('color', '색상')","('5', '올리브 그린')"
699,"('color', '색상')","('5', '블루')"
700,"('color', '색상')","('5', '스카이 블루')"
701,"('color', '색상')","('5', '그린')"
702,"('color', '색상')","('5', '카멜')"
703,"('color', '색상')","('5', '라이트 핑크')"
704,"('color', '색상')","('5', '데님')"
705,"('color', '색상')","('5', '핑크')"
706,"('color', '색상')","('5', '페일 핑크')"
707,"('color', '색상')","('5', '카키 베이지')"
708,"('color', '색상')","('5', '퍼플')"
709,"('color', '색상')","('5', '다크 그린')"
710,"('color', '색상')","('5', '기타색상')"
711,"('color', '색상')","('5', '민트')"
712,"('color', '색상')","('5', '레드')"
713,"('color', '색상')","('5', '버건디')"
714,"('color', '색상')","('5', '흑청')"
715,"('color', '색상')","('5', '옐로우')"
716,"('color', '색상')","('5', '라이트 옐로우')"
717,"('color', '색상')","('5', '라벤더')"
718,"('color', '색상')","('5', '오렌지')"
719,"('color', '색상')","('5', '라이트 그린')"
720,"('color', '색상')","('5', '연청')"
721,"('color', '색상')","('5', '딥레드')"
722,"('color', '색상')","('5', '중청')"
723,"('color', '색상')","('5', '진청')"
724,"('color', '색상')","('5', '로즈골드')"
725,"('color', '색상')","('5', '골드')"
726,"('color', '색상')","('5', '실버')"
727,"('attribute_134', '바지타입')","('134%5E920', '데님팬츠')"
728,"('attribute_134', '바지타입')","('134%5E920', '레깅스')"
729,"('attribute_134', '바지타입')","('134%5E920', '스웻팬츠')"
730,"('attribute_134', '바지타입')","('134%5E920', '슬랙스')"
731,"('attribute_134', '바지타입')","('134%5E920', '오버롤팬츠')"
732,"('attribute_134', '바지타입')","('134%5E920', '치노팬츠')"
733,"('attribute_134', '바지타입')","('134%5E920', '카고팬츠')"
734,"('attribute_134', '바지타입')","('134%5E920', '큐롯팬츠')"
735,"('attribute_134', '바지타입')","('134%5E920', '트랙팬츠')"
736,"('attribute_1', '주요소재')","('1%5E35', '모직')"
737,"('attribute_1', '주요소재')","('1%5E35', '데님')"
738,"('color', '색상')","('25', '블랙')"
739,"('color', '색상')","('25', '다크 그레이')"
740,"('color', '색상')","('25', '베이지')"
741,"('color', '색상')","('25', '네이비')"
742,"('color', '색상')","('25', '그레이')"
743,"('color', '색상')","('25', '브라운')"
744,"('color', '색상')","('25', '샌드')"
745,"('color', '색상')","('25', '아이보리')"
746,"('color', '색상')","('25', '라이트 그레이')"
747,"('color', '색상')","('25', '카키')"
748,"('color', '색상')","('25', '화이트')"
749,"('color', '색상')","('25', '블루')"
750,"('color', '색상')","('25', '기타색상')"
751,"('color', '색상')","('25', '스카이 블루')"
752,"('color', '색상')","('25', '카멜')"
753,"('color', '색상')","('25', '카키 베이지')"
754,"('color', '색상')","('25', '다크 그린')"
755,"('color', '색상')","('25', '올리브 그린')"
756,"('color', '색상')","('25', '페일 핑크')"
757,"('color', '색상')","('25', '데님')"
758,"('color', '색상')","('25', '그린')"
759,"('color', '색상')","('25', '민트')"
760,"('color', '색상')","('25', '라이트 핑크')"
761,"('color', '색상')","('25', '핑크')"
762,"('color', '색상')","('25', '라이트 옐로우')"
763,"('color', '색상')","('25', '흑청')"
764,"('color', '색상')","('25', '라벤더')"
765,"('color', '색상')","('25', '레드')"
766,"('color', '색상')","('25', '옐로우')"
767,"('color', '색상')","('25', '버건디')"
768,"('color', '색상')","('25', '오렌지')"
769,"('color', '색상')","('25', '라이트 그린')"
770,"('color', '색상')","('25', '연청')"
771,"('color', '색상')","('25', '퍼플')"
772,"('color', '색상')","('25', '중청')"
773,"('color', '색상')","('25', '딥레드')"
774,"('color', '색상')","('25', '진청')"
775,"('color', '색상')","('25', '실버')"
776,"('color', '색상')","('25', '골드')"
777,"('color', '색상')","('25', '로즈골드')"
778,"('attribute_1', '주요소재')","('1%5E17', '라이크라')"
779,"('attribute_8', '비침')","('8%5E139', '있음')"
780,"('attribute_8', '비침')","('8%5E139', '약간 있음')"
781,"('attribute_8', '비침')","('8%5E139', '보통')"
782,"('attribute_8', '비침')","('8%5E139', '거의 없음')"
783,"('attribute_8', '비침')","('8%5E139', '없음')"
784,"('measureSize', '실측 사이즈')","('measure_5', '가슴단면')"
785,"('measureSize', '실측 사이즈')","('measure_5', '총장')"
786,"('measureSize', '실측 사이즈')","('measure_5', '허리단면')"
787,"('measureSize', '실측 사이즈')","('measure_5', '엉덩이단면')"
788,"('measureSize', '실측 사이즈')","('measure_5', '허벅지단면')"
789,"('measureSize', '실측 사이즈')","('measure_5', '밑위')"
790,"('measureSize', '실측 사이즈')","('measure_5', '밑단단면')"
791,"('attribute_1', '주요소재')","('1%5E17', '네오프렌')"
792,"('attribute_1', '주요소재')","('1%5E17', '스틸')"
793,"('color', '색상')","('16', '블랙')"
794,"('color', '색상')","('16', '데님')"
795,"('color', '색상')","('16', '네이비')"
796,"('color', '색상')","('16', '베이지')"
797,"('color', '색상')","('16', '카키')"
798,"('color', '색상')","('16', '아이보리')"
799,"('color', '색상')","('16', '화이트')"
800,"('color', '색상')","('16', '블루')"
801,"('color', '색상')","('16', '연청')"
802,"('color', '색상')","('16', '흑청')"
803,"('color', '색상')","('16', '스카이 블루')"
804,"('color', '색상')","('16', '다크 그레이')"
805,"('color', '색상')","('16', '샌드')"
806,"('color', '색상')","('16', '라이트 그레이')"
807,"('color', '색상')","('16', '라이트 핑크')"
808,"('color', '색상')","('16', '핑크')"
809,"('color', '색상')","('16', '브라운')"
810,"('color', '색상')","('16', '민트')"
811,"('color', '색상')","('16', '올리브 그린')"
812,"('color', '색상')","('16', '카멜')"
813,"('color', '색상')","('16', '그레이')"
814,"('color', '색상')","('16', '그린')"
815,"('color', '색상')","('16', '레드')"
816,"('color', '색상')","('16', '옐로우')"
817,"('color', '색상')","('16', '오렌지')"
818,"('color', '색상')","('16', '기타색상')"
819,"('color', '색상')","('16', '라이트 옐로우')"
820,"('color', '색상')","('16', '페일 핑크')"
821,"('color', '색상')","('16', '다크 그린')"
822,"('color', '색상')","('16', '라벤더')"
823,"('color', '색상')","('16', '퍼플')"
824,"('color', '색상')","('16', '중청')"
825,"('color', '색상')","('16', '카키 베이지')"
826,"('color', '색상')","('16', '라이트 그린')"
827,"('color', '색상')","('16', '진청')"
828,"('color', '색상')","('16', '버건디')"
829,"('color', '색상')","('16', '딥레드')"
830,"('attribute_1', '주요소재')","('1%5E29', '라이크라')"
831,"('attribute_1', '주요소재')","('1%5E29', '모달')"
832,"('attribute_1', '주요소재')","('1%5E29', '텐셀')"
833,"('attribute_1', '주요소재')","('1%5E29', '벨벳')"
834,"('attribute_1', '주요소재')","('1%5E29', '네오프렌')"
835,"('attribute_7', '촉감')","('7%5E134', '부드러움')"
836,"('attribute_7', '촉감')","('7%5E134', '약간 부드러움')"
837,"('attribute_7', '촉감')","('7%5E134', '보통')"
838,"('attribute_7', '촉감')","('7%5E134', '약간 뻣뻣함')"
839,"('attribute_7', '촉감')","('7%5E134', '뻣뻣함')"
840,"('attribute_1', '주요소재')","('1%5E3', '시폰')"
841,"('attribute_6', '패턴/무늬')","('6%5E898', '트로피컬')"
842,"('measureSize', '실측 사이즈')","('measure_3', '엉덩이단면')"
843,"('attribute_1', '주요소재')","('1%5E3', '실크')"
844,"('attribute_129', '치마기장')","('129%5E854', '롱')"
845,"('attribute_129', '치마기장')","('129%5E854', '맥시')"
846,"('attribute_129', '치마기장')","('129%5E854', '미니')"
847,"('attribute_129', '치마기장')","('129%5E854', '미디')"
848,"('attribute_1', '주요소재')","('1%5E3', '새틴')"
849,"('attribute_130', '원피스핏')","('130%5E859', '루즈')"
850,"('attribute_130', '원피스핏')","('130%5E859', '머메이드')"
851,"('attribute_130', '원피스핏')","('130%5E859', '슬림')"
852,"('attribute_130', '원피스핏')","('130%5E859', '타이트')"
853,"('attribute_130', '원피스핏')","('130%5E859', '핏앤플레어')"
854,"('attribute_17', '치마타입')","('17%5E912', '스웨트')"
855,"('attribute_17', '치마타입')","('17%5E912', '카고')"
856,"('attribute_17', '치마타입')","('17%5E912', '펜슬')"
857,"('attribute_17', '치마타입')","('17%5E912', '플레어')"
858,"('attribute_17', '치마타입')","('17%5E912', '플리츠/주름')"
859,"('attribute_17', '치마타입')","('17%5E912', '머메이드')"
860,"('attribute_17', '치마타입')","('17%5E912', '티어드')"
861,"('attribute_17', '치마타입')","('17%5E912', '벌룬핏')"
862,"('attribute_17', '치마타입')","('17%5E912', 'H라인')"
863,"('attribute_17', '치마타입')","('17%5E912', 'A라인')"
864,"('attribute_17', '치마타입')","('17%5E912', '랩')"
865,"('attribute_17', '치마타입')","('17%5E912', '치마바지')"
866,"('attribute_1', '주요소재')","('1%5E3', 'TR')"
867,"('attribute_17', '치마타입')","('17%5E910', '서스펜더')"
868,"('attribute_17', '치마타입')","('17%5E910', '스웨트')"
869,"('attribute_17', '치마타입')","('17%5E910', '카고')"
870,"('attribute_17', '치마타입')","('17%5E910', '펜슬')"
871,"('attribute_17', '치마타입')","('17%5E910', '플레어')"
872,"('attribute_17', '치마타입')","('17%5E910', '플리츠/주름')"
873,"('attribute_17', '치마타입')","('17%5E910', '머메이드')"
874,"('attribute_17', '치마타입')","('17%5E910', '티어드')"
875,"('attribute_17', '치마타입')","('17%5E910', '벌룬핏')"
876,"('attribute_17', '치마타입')","('17%5E910', 'H라인')"
877,"('attribute_17', '치마타입')","('17%5E910', 'A라인')"
878,"('attribute_17', '치마타입')","('17%5E910', '랩')"
